"patch_path","chromium_path","message_id","ownership","destination","translation_strategy","notes"
"other/android-extensions-support.patch","chrome/app/extensions_strings.grdp","IDS_EXTENSIONS_NO_INSTALLED_ITEMS","feature_patch","keep_in_feature_patch","english_source_fallback","Android conditional branch has a distinct GRIT ID from upstream desktop text and has no reviewed XTB translation; desktop branch still reuses the upstream ID."
"other/chrome-web-store-protection.patch","chrome/app/extensions_strings.grdp","IDS_EXTENSIONS_EXTENSION_UPDATE_ENABLED","feature_patch","keep_in_feature_patch","english_source_fallback","Reference implementation found, but no reviewed XTB translation was found in official Thorium history or the reference repositories."
"other/chrome-web-store-protection.patch","chrome/app/extensions_strings.grdp","IDS_EXTENSIONS_EXTENSION_UPDATE_ENABLED_NR","feature_patch","keep_in_feature_patch","english_source_fallback","Reference implementation found, but no reviewed XTB translation was found; source wording 'Need restart' should be reviewed separately."
"other/ftp-support-thorium.patch","chrome/app/generated_resources.grd","IDS_DIRECTORY_LISTING_PARSING_ERROR_BOX_TEXT","feature_patch","keep_in_feature_patch","xtb_additions_with_english_fallback","Recovered 80 official Chromium translations from Git revision 1cf8d153a4d17536f322ab8cf0046396e10c2a08; Welsh was added later and uses the English source."
"other/GPC.patch","chrome/app/settings_strings.grdp","IDS_SETTINGS_ENABLE_GPC","feature_patch","keep_in_feature_patch","english_source_fallback","Reference implementation found, but no reviewed XTB translation was found in official Thorium history or the reference repositories."
"other/GPC.patch","chrome/app/settings_strings.grdp","IDS_SETTINGS_ENABLE_GPC_DIALOG_TEXT","feature_patch","keep_in_feature_patch","english_source_fallback","No reviewed XTB translation was found; the state-specific legal explanation and 'CoPA' wording require separate legal/content review."
"other/GPC.patch","chrome/app/settings_strings.grdp","IDS_SETTINGS_ENABLE_GPC_DIALOG_TITLE","feature_patch","keep_in_feature_patch","english_source_fallback","Reference implementation found, but no reviewed XTB translation was found in official Thorium history or the reference repositories."
"other/GPC.patch","chrome/browser/ui/android/strings/android_chrome_strings.grd","IDS_GPC_DESCRIPTION","feature_patch","keep_in_feature_patch","english_source_fallback","No reviewed XTB translation was found; the state-specific legal explanation and 'CoPA' wording require separate legal/content review."
"other/GPC.patch","chrome/browser/ui/android/strings/android_chrome_strings.grd","IDS_GPC_TITLE","feature_patch","keep_in_feature_patch","english_source_fallback","Reference implementation found, but no reviewed XTB translation was found in official Thorium history or the reference repositories."
"other/open_in_same_tab.patch","chrome/app/generated_resources.grd","IDS_CONTENT_CONTEXT_OPENLINKSAMETAB","feature_patch","keep_in_feature_patch","xtb_additions_with_english_fallback","Two conditional definitions use separate IDs: additions cover 81 and 15 mapped XTB files; uncovered locales intentionally use the English source."
"other/add-quick-extension-toggle-menu.patch","chrome/app/generated_resources.grd","IDS_EXTENSIONS_MENU_QUICK_TOGGLE_SECTION_TITLE","feature_patch","keep_in_feature_patch","xtb_additions_complete","Quick toggle section title; generated_resources locale translations are provided in m150_xtb_additions.tsv."
"other/add-quick-extension-toggle-menu.patch","chrome/app/generated_resources.grd","IDS_EXTENSIONS_MENU_QUICK_TOGGLE_ALL_EXTENSIONS","feature_patch","keep_in_feature_patch","xtb_additions_complete","Quick toggle master switch label; generated_resources locale translations are provided in m150_xtb_additions.tsv."
"other/restore_download_shelf.patch","chrome/app/generated_resources.grd","IDS_APP_DEEP_SCANNING_INFO_DIALOG_MESSAGE","feature_patch","keep_in_feature_patch","reuse_existing_upstream_id","Exact GRIT ID exists in all 81 mapped M150 XTB files."
"other/restore_download_shelf.patch","chrome/app/generated_resources.grd","IDS_DEEP_SCANNING_DIALOG_OPEN_NOW_ACCEPT_BUTTON","feature_patch","keep_in_feature_patch","reuse_existing_upstream_id","Exact GRIT ID exists in all 81 mapped M150 XTB files."
"other/restore_download_shelf.patch","chrome/app/generated_resources.grd","IDS_DEEP_SCANNING_DIALOG_OPEN_NOW_MESSAGE","feature_patch","keep_in_feature_patch","xtb_additions_complete","Recovered 81 official Chromium translations from Git revision 0f3bbb229ab1499759ea9760a4b58f25b911572b before download-shelf removal."
"other/restore_download_shelf.patch","chrome/app/generated_resources.grd","IDS_DEEP_SCANNING_DIALOG_OPEN_NOW_TITLE","feature_patch","keep_in_feature_patch","xtb_additions_complete","Recovered 81 official Chromium translations from Git revision 0f3bbb229ab1499759ea9760a4b58f25b911572b before download-shelf removal."
"other/restore_download_shelf.patch","chrome/app/generated_resources.grd","IDS_DEEP_SCANNING_INFO_DIALOG_ACCEPT_BUTTON","feature_patch","keep_in_feature_patch","reuse_existing_upstream_id","Exact GRIT ID exists in all 81 mapped M150 XTB files."
"other/restore_download_shelf.patch","chrome/app/generated_resources.grd","IDS_DEEP_SCANNING_INFO_DIALOG_CANCEL_BUTTON","feature_patch","keep_in_feature_patch","reuse_existing_upstream_id","Exact GRIT ID exists in all 81 mapped M150 XTB files."
"other/restore_download_shelf.patch","chrome/app/generated_resources.grd","IDS_DEEP_SCANNING_INFO_DIALOG_MESSAGE","feature_patch","keep_in_feature_patch","xtb_additions_complete","Recovered 81 official Chromium translations from Git revision 0f3bbb229ab1499759ea9760a4b58f25b911572b before download-shelf removal."
"other/restore_download_shelf.patch","chrome/app/generated_resources.grd","IDS_DEEP_SCANNING_INFO_DIALOG_OPEN_NOW_BUTTON","feature_patch","keep_in_feature_patch","reuse_existing_upstream_id","Exact GRIT ID exists in all 81 mapped M150 XTB files."
"other/restore_download_shelf.patch","chrome/app/generated_resources.grd","IDS_DEEP_SCANNING_INFO_DIALOG_TITLE","feature_patch","keep_in_feature_patch","reuse_existing_upstream_id","Exact GRIT ID exists in all 81 mapped M150 XTB files."
"other/restore_download_shelf.patch","chrome/app/generated_resources.grd","IDS_DOWNLOAD_ITEM_DROPDOWN_BUTTON_ACCESSIBLE_TEXT","feature_patch","keep_in_feature_patch","xtb_additions_complete","Recovered 81 official Chromium translations from Git revision 0f3bbb229ab1499759ea9760a4b58f25b911572b before download-shelf removal."
"other/restore_download_shelf.patch","chrome/app/generated_resources.grd","IDS_DOWNLOAD_STATUS_OPENING","feature_patch","keep_in_feature_patch","xtb_additions_complete","Recovered 81 official Chromium translations from Git revision 0f3bbb229ab1499759ea9760a4b58f25b911572b before download-shelf removal."
"other/restore_download_shelf.patch","chrome/app/generated_resources.grd","IDS_PROMPT_DEEP_SCANNING_DOWNLOAD","feature_patch","keep_in_feature_patch","xtb_additions_complete","Recovered 81 official Chromium translations from Git revision 0f3bbb229ab1499759ea9760a4b58f25b911572b before download-shelf removal."
"other/restore_download_shelf.patch","chrome/app/generated_resources.grd","IDS_PROMPT_DEEP_SCANNING_DOWNLOAD_SHORT","feature_patch","keep_in_feature_patch","xtb_additions_complete","Recovered 81 official Chromium translations from Git revision 0f3bbb229ab1499759ea9760a4b58f25b911572b before download-shelf removal."
"other/restore_download_shelf.patch","chrome/app/generated_resources.grd","IDS_PROMPT_DOWNLOAD_DEEP_SCANNED_SAFE","feature_patch","keep_in_feature_patch","xtb_additions_complete","Recovered 81 official Chromium translations from Git revision 0f3bbb229ab1499759ea9760a4b58f25b911572b before download-shelf removal."
"other/restore_download_shelf.patch","chrome/app/generated_resources.grd","IDS_ACCNAME_DOWNLOADS_BAR","feature_patch","keep_in_feature_patch","english_source_fallback","Restore-download-shelf message added by the feature patch; no reviewed XTB translation."
"other/restore_download_shelf.patch","chrome/app/generated_resources.grd","IDS_SHOW_ALL_DOWNLOADS","feature_patch","keep_in_feature_patch","english_source_fallback","Restore-download-shelf message added by the feature patch; no reviewed XTB translation."
"overlay","chrome/app/thorium_strings.grdp","IDS_ALTERNATE_HOME_PAGE","overlay_added_file","keep_in_overlay_added_file","english_source_fallback","Thorium-added source message has no reviewed XTB translation."
"overlay","chrome/app/thorium_strings.grdp","IDS_RESTORE_TAB_BUTTON_NAME","overlay_added_file","keep_in_overlay_added_file","english_source_fallback","Thorium-added source message has no reviewed XTB translation."
"overlay","chrome/app/thorium_strings.grdp","IDS_RESTORE_TAB_BUTTON_TOOLTIP","overlay_added_file","keep_in_overlay_added_file","english_source_fallback","Thorium-added source message has no reviewed XTB translation."
